<?xml version="1.0" encoding="UTF-8"?>
<project-private xmlns="http://www.netbeans.org/ns/project-private/1">
    <editor-bookmarks xmlns="http://www.netbeans.org/ns/editor-bookmarks/2" lastBookmarkId="0"/>
    <open-files xmlns="http://www.netbeans.org/ns/projectui-open-files/2">
        <group>
            <file>file:/C:/Users/Nicholas_2/SkyDrive/Programming/Java/grades/src/grades/term.java</file>
            <file>file:/C:/Users/Nicholas_2/SkyDrive/Programming/Java/grades/src/grades/coursePanel.java</file>
            <file>file:/C:/Users/Nicholas_2/SkyDrive/Programming/Java/grades/src/grades/Profile.java</file>
            <file>file:/C:/Users/Nicholas_2/SkyDrive/Programming/Java/grades/src/grades/course.java</file>
            <file>file:/C:/Users/Nicholas_2/SkyDrive/Programming/Java/grades/src/grades/gradesui.java</file>
        </group>
    </open-files>
</project-private>
